index_pair	count
TCTTCGAC-TCTTCGAC	42094112
TCTTCGAC-TCGACAAG	1053
TCTTCGAC-TAGCCATG	1719
TCTTCGAC-CGATCGAT	1187
TCTTCGAC-GTAGCGTA	1326
TCTTCGAC-AGAGTCCA	1619
TCTTCGAC-TCGGATTC	1643
TCTTCGAC-GCTACTCT	1090
TCTTCGAC-TATGGCAC	2865
TCTTCGAC-AGGATAGC	2140
TCTTCGAC-CTCTGGAT	5933
TCTTCGAC-AACAGCGA	1079
TCTTCGAC-ACGATCAG	1807
TCTTCGAC-CGGTAATC	1234
TCTTCGAC-GATCAAGG	1934
TCTTCGAC-TCGAGAGT	2779
TCTTCGAC-TACCGGAT	10986
TCTTCGAC-ATCATGCG	1520
TCTTCGAC-GATCTTGC	1042
TCTTCGAC-ATCGTGGT	4468
TCTTCGAC-GTCCTAAG	1381
TCTTCGAC-CTAGCTCA	3013
TCTTCGAC-CACTTCAC	951
TCTTCGAC-TGTTCCGT	3200
TCGACAAG-TCTTCGAC	782
TCGACAAG-TCGACAAG	3853350
TCGACAAG-TAGCCATG	323
TCGACAAG-CGATCGAT	105
TCGACAAG-GTAGCGTA	110
TCGACAAG-AGAGTCCA	150
TCGACAAG-TCGGATTC	127
TCGACAAG-GCTACTCT	105
TCGACAAG-TATGGCAC	205
TCGACAAG-AGGATAGC	175
TCGACAAG-CTCTGGAT	449
TCGACAAG-AACAGCGA	100
TCGACAAG-ACGATCAG	281
TCGACAAG-CGGTAATC	56
TCGACAAG-GATCAAGG	146
TCGACAAG-TCGAGAGT	358
TCGACAAG-TACCGGAT	957
TCGACAAG-ATCATGCG	7836
TCGACAAG-GATCTTGC	70
TCGACAAG-ATCGTGGT	98
TCGACAAG-GTCCTAAG	233
TCGACAAG-CTAGCTCA	256
TCGACAAG-CACTTCAC	35
TCGACAAG-TGTTCCGT	246
TAGCCATG-TCTTCGAC	1611
TAGCCATG-TCGACAAG	231
TAGCCATG-TAGCCATG	10629633
TAGCCATG-CGATCGAT	183
TAGCCATG-GTAGCGTA	331
TAGCCATG-AGAGTCCA	466
TAGCCATG-TCGGATTC	240
TAGCCATG-GCTACTCT	248
TAGCCATG-TATGGCAC	521
TAGCCATG-AGGATAGC	362
TAGCCATG-CTCTGGAT	1106
TAGCCATG-AACAGCGA	277
TAGCCATG-ACGATCAG	441
TAGCCATG-CGGTAATC	196
TAGCCATG-GATCAAGG	398
TAGCCATG-TCGAGAGT	556
TAGCCATG-TACCGGAT	2851
TAGCCATG-ATCATGCG	453
TAGCCATG-GATCTTGC	209
TAGCCATG-ATCGTGGT	239
TAGCCATG-GTCCTAAG	426
TAGCCATG-CTAGCTCA	877
TAGCCATG-CACTTCAC	247
TAGCCATG-TGTTCCGT	724
CGATCGAT-TCTTCGAC	1160
CGATCGAT-TCGACAAG	105
CGATCGAT-TAGCCATG	236
CGATCGAT-CGATCGAT	5604966
CGATCGAT-GTAGCGTA	204
CGATCGAT-AGAGTCCA	278
CGATCGAT-TCGGATTC	117
CGATCGAT-GCTACTCT	195
CGATCGAT-TATGGCAC	219
CGATCGAT-AGGATAGC	321
CGATCGAT-CTCTGGAT	1304
CGATCGAT-AACAGCGA	171
CGATCGAT-ACGATCAG	291
CGATCGAT-CGGTAATC	214
CGATCGAT-GATCAAGG	183
CGATCGAT-TCGAGAGT	329
CGATCGAT-TACCGGAT	2046
CGATCGAT-ATCATGCG	208
CGATCGAT-GATCTTGC	131
CGATCGAT-ATCGTGGT	167
CGATCGAT-GTCCTAAG	227
CGATCGAT-CTAGCTCA	463
CGATCGAT-CACTTCAC	124
CGATCGAT-TGTTCCGT	504
GTAGCGTA-TCTTCGAC	1351
GTAGCGTA-TCGACAAG	119
GTAGCGTA-TAGCCATG	332
GTAGCGTA-CGATCGAT	213
GTAGCGTA-GTAGCGTA	8119243
GTAGCGTA-AGAGTCCA	537
GTAGCGTA-TCGGATTC	162
GTAGCGTA-GCTACTCT	1532
GTAGCGTA-TATGGCAC	377
GTAGCGTA-AGGATAGC	327
GTAGCGTA-CTCTGGAT	965
GTAGCGTA-AACAGCGA	348
GTAGCGTA-ACGATCAG	826
GTAGCGTA-CGGTAATC	149
GTAGCGTA-GATCAAGG	258
GTAGCGTA-TCGAGAGT	776
GTAGCGTA-TACCGGAT	1975
GTAGCGTA-ATCATGCG	353
GTAGCGTA-GATCTTGC	159
GTAGCGTA-ATCGTGGT	306
GTAGCGTA-GTCCTAAG	415
GTAGCGTA-CTAGCTCA	1014
GTAGCGTA-CACTTCAC	101
GTAGCGTA-TGTTCCGT	608
AGAGTCCA-TCTTCGAC	1660
AGAGTCCA-TCGACAAG	153
AGAGTCCA-TAGCCATG	459
AGAGTCCA-CGATCGAT	285
AGAGTCCA-GTAGCGTA	1058
AGAGTCCA-AGAGTCCA	11316780
AGAGTCCA-TCGGATTC	236
AGAGTCCA-GCTACTCT	362
AGAGTCCA-TATGGCAC	551
AGAGTCCA-AGGATAGC	606
AGAGTCCA-CTCTGGAT	1255
AGAGTCCA-AACAGCGA	481
AGAGTCCA-ACGATCAG	660
AGAGTCCA-CGGTAATC	244
AGAGTCCA-GATCAAGG	270
AGAGTCCA-TCGAGAGT	1115
AGAGTCCA-TACCGGAT	2707
AGAGTCCA-ATCATGCG	478
AGAGTCCA-GATCTTGC	206
AGAGTCCA-ATCGTGGT	357
AGAGTCCA-GTCCTAAG	407
AGAGTCCA-CTAGCTCA	1359
AGAGTCCA-CACTTCAC	197
AGAGTCCA-TGTTCCGT	889
TCGGATTC-TCTTCGAC	1307
TCGGATTC-TCGACAAG	88
TCGGATTC-TAGCCATG	191
TCGGATTC-CGATCGAT	254
TCGGATTC-GTAGCGTA	133
TCGGATTC-AGAGTCCA	223
TCGGATTC-TCGGATTC	4611350
TCGGATTC-GCTACTCT	123
TCGGATTC-TATGGCAC	424
TCGGATTC-AGGATAGC	315
TCGGATTC-CTCTGGAT	619
TCGGATTC-AACAGCGA	1047
TCGGATTC-ACGATCAG	216
TCGGATTC-CGGTAATC	188
TCGGATTC-GATCAAGG	132
TCGGATTC-TCGAGAGT	311
TCGGATTC-TACCGGAT	1173
TCGGATTC-ATCATGCG	173
TCGGATTC-GATCTTGC	293
TCGGATTC-ATCGTGGT	118
TCGGATTC-GTCCTAAG	164
TCGGATTC-CTAGCTCA	407
TCGGATTC-CACTTCAC	111
TCGGATTC-TGTTCCGT	327
GCTACTCT-TCTTCGAC	1122
GCTACTCT-TCGACAAG	99
GCTACTCT-TAGCCATG	299
GCTACTCT-CGATCGAT	214
GCTACTCT-GTAGCGTA	651
GCTACTCT-AGAGTCCA	492
GCTACTCT-TCGGATTC	148
GCTACTCT-GCTACTCT	7416557
GCTACTCT-TATGGCAC	335
GCTACTCT-AGGATAGC	277
GCTACTCT-CTCTGGAT	1195
GCTACTCT-AACAGCGA	259
GCTACTCT-ACGATCAG	370
GCTACTCT-CGGTAATC	166
GCTACTCT-GATCAAGG	229
GCTACTCT-TCGAGAGT	470
GCTACTCT-TACCGGAT	1846
GCTACTCT-ATCATGCG	323
GCTACTCT-GATCTTGC	181
GCTACTCT-ATCGTGGT	240
GCTACTCT-GTCCTAAG	334
GCTACTCT-CTAGCTCA	814
GCTACTCT-CACTTCAC	96
GCTACTCT-TGTTCCGT	709
TATGGCAC-TCTTCGAC	4277
TATGGCAC-TCGACAAG	277
TATGGCAC-TAGCCATG	610
TATGGCAC-CGATCGAT	275
TATGGCAC-GTAGCGTA	363
TATGGCAC-AGAGTCCA	534
TATGGCAC-TCGGATTC	991
TATGGCAC-GCTACTCT	317
TATGGCAC-TATGGCAC	11184304
TATGGCAC-AGGATAGC	675
TATGGCAC-CTCTGGAT	1574
TATGGCAC-AACAGCGA	661
TATGGCAC-ACGATCAG	574
TATGGCAC-CGGTAATC	366
TATGGCAC-GATCAAGG	338
TATGGCAC-TCGAGAGT	958
TATGGCAC-TACCGGAT	4625
TATGGCAC-ATCATGCG	472
TATGGCAC-GATCTTGC	404
TATGGCAC-ATCGTGGT	318
TATGGCAC-GTCCTAAG	759
TATGGCAC-CTAGCTCA	906
TATGGCAC-CACTTCAC	474
TATGGCAC-TGTTCCGT	88571
AGGATAGC-TCTTCGAC	2149
AGGATAGC-TCGACAAG	133
AGGATAGC-TAGCCATG	394
AGGATAGC-CGATCGAT	282
AGGATAGC-GTAGCGTA	996
AGGATAGC-AGAGTCCA	662
AGGATAGC-TCGGATTC	355
AGGATAGC-GCTACTCT	413
AGGATAGC-TATGGCAC	683
AGGATAGC-AGGATAGC	8673180
AGGATAGC-CTCTGGAT	1100
AGGATAGC-AACAGCGA	355
AGGATAGC-ACGATCAG	531
AGGATAGC-CGGTAATC	323
AGGATAGC-GATCAAGG	228
AGGATAGC-TCGAGAGT	570
AGGATAGC-TACCGGAT	2227
AGGATAGC-ATCATGCG	509
AGGATAGC-GATCTTGC	549
AGGATAGC-ATCGTGGT	319
AGGATAGC-GTCCTAAG	307
AGGATAGC-CTAGCTCA	783
AGGATAGC-CACTTCAC	359
AGGATAGC-TGTTCCGT	698
CTCTGGAT-TCTTCGAC	6129
CTCTGGAT-TCGACAAG	570
CTCTGGAT-TAGCCATG	1277
CTCTGGAT-CGATCGAT	2171
CTCTGGAT-GTAGCGTA	1165
CTCTGGAT-AGAGTCCA	2037
CTCTGGAT-TCGGATTC	770
CTCTGGAT-GCTACTCT	2491
CTCTGGAT-TATGGCAC	1742
CTCTGGAT-AGGATAGC	1211
CTCTGGAT-CTCTGGAT	34976387
CTCTGGAT-AACAGCGA	1033
CTCTGGAT-ACGATCAG	1401
CTCTGGAT-CGGTAATC	1010
CTCTGGAT-GATCAAGG	819
CTCTGGAT-TCGAGAGT	2379
CTCTGGAT-TACCGGAT	14152
CTCTGGAT-ATCATGCG	1308
CTCTGGAT-GATCTTGC	646
CTCTGGAT-ATCGTGGT	1257
CTCTGGAT-GTCCTAAG	1359
CTCTGGAT-CTAGCTCA	3445
CTCTGGAT-CACTTCAC	685
CTCTGGAT-TGTTCCGT	2652
AACAGCGA-TCTTCGAC	2178
AACAGCGA-TCGACAAG	133
AACAGCGA-TAGCCATG	386
AACAGCGA-CGATCGAT	329
AACAGCGA-GTAGCGTA	492
AACAGCGA-AGAGTCCA	625
AACAGCGA-TCGGATTC	378
AACAGCGA-GCTACTCT	249
AACAGCGA-TATGGCAC	482
AACAGCGA-AGGATAGC	541
AACAGCGA-CTCTGGAT	1292
AACAGCGA-AACAGCGA	8872034
AACAGCGA-ACGATCAG	553
AACAGCGA-CGGTAATC	173
AACAGCGA-GATCAAGG	344
AACAGCGA-TCGAGAGT	508
AACAGCGA-TACCGGAT	2578
AACAGCGA-ATCATGCG	688
AACAGCGA-GATCTTGC	628
AACAGCGA-ATCGTGGT	448
AACAGCGA-GTCCTAAG	363
AACAGCGA-CTAGCTCA	755
AACAGCGA-CACTTCAC	182
AACAGCGA-TGTTCCGT	653
ACGATCAG-TCTTCGAC	1352
ACGATCAG-TCGACAAG	334
ACGATCAG-TAGCCATG	515
ACGATCAG-CGATCGAT	361
ACGATCAG-GTAGCGTA	292
ACGATCAG-AGAGTCCA	511
ACGATCAG-TCGGATTC	175
ACGATCAG-GCTACTCT	335
ACGATCAG-TATGGCAC	454
ACGATCAG-AGGATAGC	415
ACGATCAG-CTCTGGAT	1060
ACGATCAG-AACAGCGA	275
ACGATCAG-ACGATCAG	7942853
ACGATCAG-CGGTAATC	203
ACGATCAG-GATCAAGG	361
ACGATCAG-TCGAGAGT	510
ACGATCAG-TACCGGAT	2271
ACGATCAG-ATCATGCG	433
ACGATCAG-GATCTTGC	193
ACGATCAG-ATCGTGGT	242
ACGATCAG-GTCCTAAG	508
ACGATCAG-CTAGCTCA	665
ACGATCAG-CACTTCAC	186
ACGATCAG-TGTTCCGT	579
CGGTAATC-TCTTCGAC	1316
CGGTAATC-TCGACAAG	85
CGGTAATC-TAGCCATG	351
CGGTAATC-CGATCGAT	228
CGGTAATC-GTAGCGTA	148
CGGTAATC-AGAGTCCA	244
CGGTAATC-TCGGATTC	162
CGGTAATC-GCTACTCT	147
CGGTAATC-TATGGCAC	309
CGGTAATC-AGGATAGC	339
CGGTAATC-CTCTGGAT	766
CGGTAATC-AACAGCGA	154
CGGTAATC-ACGATCAG	217
CGGTAATC-CGGTAATC	5064906
CGGTAATC-GATCAAGG	185
CGGTAATC-TCGAGAGT	258
CGGTAATC-TACCGGAT	7265
CGGTAATC-ATCATGCG	203
CGGTAATC-GATCTTGC	163
CGGTAATC-ATCGTGGT	386
CGGTAATC-GTCCTAAG	164
CGGTAATC-CTAGCTCA	509
CGGTAATC-CACTTCAC	203
CGGTAATC-TGTTCCGT	399
GATCAAGG-TCTTCGAC	18138
GATCAAGG-TCGACAAG	149
GATCAAGG-TAGCCATG	397
GATCAAGG-CGATCGAT	211
GATCAAGG-GTAGCGTA	277
GATCAAGG-AGAGTCCA	328
GATCAAGG-TCGGATTC	120
GATCAAGG-GCTACTCT	248
GATCAAGG-TATGGCAC	297
GATCAAGG-AGGATAGC	264
GATCAAGG-CTCTGGAT	775
GATCAAGG-AACAGCGA	215
GATCAAGG-ACGATCAG	567
GATCAAGG-CGGTAATC	122
GATCAAGG-GATCAAGG	6587100
GATCAAGG-TCGAGAGT	320
GATCAAGG-TACCGGAT	1650
GATCAAGG-ATCATGCG	323
GATCAAGG-GATCTTGC	266
GATCAAGG-ATCGTGGT	448
GATCAAGG-GTCCTAAG	421
GATCAAGG-CTAGCTCA	448
GATCAAGG-CACTTCAC	95
GATCAAGG-TGTTCCGT	417
TCGAGAGT-TCTTCGAC	2011
TCGAGAGT-TCGACAAG	277
TCGAGAGT-TAGCCATG	428
TCGAGAGT-CGATCGAT	349
TCGAGAGT-GTAGCGTA	360
TCGAGAGT-AGAGTCCA	516
TCGAGAGT-TCGGATTC	383
TCGAGAGT-GCTACTCT	637
TCGAGAGT-TATGGCAC	483
TCGAGAGT-AGGATAGC	494
TCGAGAGT-CTCTGGAT	1857
TCGAGAGT-AACAGCGA	329
TCGAGAGT-ACGATCAG	655
TCGAGAGT-CGGTAATC	253
TCGAGAGT-GATCAAGG	315
TCGAGAGT-TCGAGAGT	11741547
TCGAGAGT-TACCGGAT	3632
TCGAGAGT-ATCATGCG	374
TCGAGAGT-GATCTTGC	215
TCGAGAGT-ATCGTGGT	509
TCGAGAGT-GTCCTAAG	362
TCGAGAGT-CTAGCTCA	829
TCGAGAGT-CACTTCAC	159
TCGAGAGT-TGTTCCGT	1126
TACCGGAT-TCTTCGAC	13576
TACCGGAT-TCGACAAG	1237
TACCGGAT-TAGCCATG	4661
TACCGGAT-CGATCGAT	2118
TACCGGAT-GTAGCGTA	2217
TACCGGAT-AGAGTCCA	2906
TACCGGAT-TCGGATTC	1922
TACCGGAT-GCTACTCT	1798
TACCGGAT-TATGGCAC	4603
TACCGGAT-AGGATAGC	2734
TACCGGAT-CTCTGGAT	20269
TACCGGAT-AACAGCGA	2269
TACCGGAT-ACGATCAG	2928
TACCGGAT-CGGTAATC	2913
TACCGGAT-GATCAAGG	2203
TACCGGAT-TCGAGAGT	5863
TACCGGAT-TACCGGAT	76363857
TACCGGAT-ATCATGCG	2665
TACCGGAT-GATCTTGC	1427
TACCGGAT-ATCGTGGT	3453
TACCGGAT-GTCCTAAG	3170
TACCGGAT-CTAGCTCA	5282
TACCGGAT-CACTTCAC	1434
TACCGGAT-TGTTCCGT	5737
ATCATGCG-TCTTCGAC	1858
ATCATGCG-TCGACAAG	305
ATCATGCG-TAGCCATG	917
ATCATGCG-CGATCGAT	265
ATCATGCG-GTAGCGTA	358
ATCATGCG-AGAGTCCA	621
ATCATGCG-TCGGATTC	217
ATCATGCG-GCTACTCT	328
ATCATGCG-TATGGCAC	788
ATCATGCG-AGGATAGC	582
ATCATGCG-CTCTGGAT	1513
ATCATGCG-AACAGCGA	540
ATCATGCG-ACGATCAG	782
ATCATGCG-CGGTAATC	201
ATCATGCG-GATCAAGG	549
ATCATGCG-TCGAGAGT	497
ATCATGCG-TACCGGAT	2521
ATCATGCG-ATCATGCG	10087503
ATCATGCG-GATCTTGC	288
ATCATGCG-ATCGTGGT	598
ATCATGCG-GTCCTAAG	636
ATCATGCG-CTAGCTCA	848
ATCATGCG-CACTTCAC	170
ATCATGCG-TGTTCCGT	734
GATCTTGC-TCTTCGAC	755
GATCTTGC-TCGACAAG	48
GATCTTGC-TAGCCATG	136
GATCTTGC-CGATCGAT	205
GATCTTGC-GTAGCGTA	170
GATCTTGC-AGAGTCCA	208
GATCTTGC-TCGGATTC	85
GATCTTGC-GCTACTCT	132
GATCTTGC-TATGGCAC	251
GATCTTGC-AGGATAGC	368
GATCTTGC-CTCTGGAT	397
GATCTTGC-AACAGCGA	179
GATCTTGC-ACGATCAG	193
GATCTTGC-CGGTAATC	133
GATCTTGC-GATCAAGG	184
GATCTTGC-TCGAGAGT	176
GATCTTGC-TACCGGAT	790
GATCTTGC-ATCATGCG	252
GATCTTGC-GATCTTGC	3641072
GATCTTGC-ATCGTGGT	109
GATCTTGC-GTCCTAAG	167
GATCTTGC-CTAGCTCA	269
GATCTTGC-CACTTCAC	102
GATCTTGC-TGTTCCGT	203
ATCGTGGT-TCTTCGAC	1391
ATCGTGGT-TCGACAAG	112
ATCGTGGT-TAGCCATG	228
ATCGTGGT-CGATCGAT	219
ATCGTGGT-GTAGCGTA	258
ATCGTGGT-AGAGTCCA	372
ATCGTGGT-TCGGATTC	157
ATCGTGGT-GCTACTCT	253
ATCGTGGT-TATGGCAC	288
ATCGTGGT-AGGATAGC	267
ATCGTGGT-CTCTGGAT	1349
ATCGTGGT-AACAGCGA	195
ATCGTGGT-ACGATCAG	307
ATCGTGGT-CGGTAATC	175
ATCGTGGT-GATCAAGG	617
ATCGTGGT-TCGAGAGT	562
ATCGTGGT-TACCGGAT	2090
ATCGTGGT-ATCATGCG	314
ATCGTGGT-GATCTTGC	137
ATCGTGGT-ATCGTGGT	6887592
ATCGTGGT-GTCCTAAG	178
ATCGTGGT-CTAGCTCA	472
ATCGTGGT-CACTTCAC	84
ATCGTGGT-TGTTCCGT	473
GTCCTAAG-TCTTCGAC	1345
GTCCTAAG-TCGACAAG	183
GTCCTAAG-TAGCCATG	451
GTCCTAAG-CGATCGAT	251
GTCCTAAG-GTAGCGTA	385
GTCCTAAG-AGAGTCCA	409
GTCCTAAG-TCGGATTC	271
GTCCTAAG-GCTACTCT	277
GTCCTAAG-TATGGCAC	7066
GTCCTAAG-AGGATAGC	311
GTCCTAAG-CTCTGGAT	1151
GTCCTAAG-AACAGCGA	461
GTCCTAAG-ACGATCAG	451
GTCCTAAG-CGGTAATC	158
GTCCTAAG-GATCAAGG	437
GTCCTAAG-TCGAGAGT	381
GTCCTAAG-TACCGGAT	2326
GTCCTAAG-ATCATGCG	419
GTCCTAAG-GATCTTGC	224
GTCCTAAG-ATCGTGGT	255
GTCCTAAG-GTCCTAAG	8830276
GTCCTAAG-CTAGCTCA	664
GTCCTAAG-CACTTCAC	134
GTCCTAAG-TGTTCCGT	990
CTAGCTCA-TCTTCGAC	2907
CTAGCTCA-TCGACAAG	14841
CTAGCTCA-TAGCCATG	977
CTAGCTCA-CGATCGAT	599
CTAGCTCA-GTAGCGTA	1242
CTAGCTCA-AGAGTCCA	1253
CTAGCTCA-TCGGATTC	431
CTAGCTCA-GCTACTCT	1829
CTAGCTCA-TATGGCAC	977
CTAGCTCA-AGGATAGC	704
CTAGCTCA-CTCTGGAT	3996
CTAGCTCA-AACAGCGA	620
CTAGCTCA-ACGATCAG	851
CTAGCTCA-CGGTAATC	430
CTAGCTCA-GATCAAGG	511
CTAGCTCA-TCGAGAGT	1256
CTAGCTCA-TACCGGAT	4738
CTAGCTCA-ATCATGCG	1851
CTAGCTCA-GATCTTGC	422
CTAGCTCA-ATCGTGGT	554
CTAGCTCA-GTCCTAAG	736
CTAGCTCA-CTAGCTCA	17332036
CTAGCTCA-CACTTCAC	338
CTAGCTCA-TGTTCCGT	1247
CACTTCAC-TCTTCGAC	938
CACTTCAC-TCGACAAG	67
CACTTCAC-TAGCCATG	3205
CACTTCAC-CGATCGAT	174
CACTTCAC-GTAGCGTA	131
CACTTCAC-AGAGTCCA	191
CACTTCAC-TCGGATTC	141
CACTTCAC-GCTACTCT	101
CACTTCAC-TATGGCAC	358
CACTTCAC-AGGATAGC	223
CACTTCAC-CTCTGGAT	660
CACTTCAC-AACAGCGA	125
CACTTCAC-ACGATCAG	371
CACTTCAC-CGGTAATC	224
CACTTCAC-GATCAAGG	122
CACTTCAC-TCGAGAGT	179
CACTTCAC-TACCGGAT	1043
CACTTCAC-ATCATGCG	158
CACTTCAC-GATCTTGC	108
CACTTCAC-ATCGTGGT	103
CACTTCAC-GTCCTAAG	132
CACTTCAC-CTAGCTCA	371
CACTTCAC-CACTTCAC	4191388
CACTTCAC-TGTTCCGT	279
TGTTCCGT-TCTTCGAC	2719
TGTTCCGT-TCGACAAG	242
TGTTCCGT-TAGCCATG	633
TGTTCCGT-CGATCGAT	527
TGTTCCGT-GTAGCGTA	575
TGTTCCGT-AGAGTCCA	845
TGTTCCGT-TCGGATTC	920
TGTTCCGT-GCTACTCT	487
TGTTCCGT-TATGGCAC	85536
TGTTCCGT-AGGATAGC	584
TGTTCCGT-CTCTGGAT	1941
TGTTCCGT-AACAGCGA	791
TGTTCCGT-ACGATCAG	568
TGTTCCGT-CGGTAATC	283
TGTTCCGT-GATCAAGG	400
TGTTCCGT-TCGAGAGT	1090
TGTTCCGT-TACCGGAT	4606
TGTTCCGT-ATCATGCG	718
TGTTCCGT-GATCTTGC	350
TGTTCCGT-ATCGTGGT	499
TGTTCCGT-GTCCTAAG	462
TGTTCCGT-CTAGCTCA	1116
TGTTCCGT-CACTTCAC	266
TGTTCCGT-TGTTCCGT	15733007
unknown	30783962
